<alterations>
    <speed_up>
        <info>
            <en> The move cap is increased by {val} </en>
            <zh_cn> 移动能力提升{val}点 </zh_cn>
        </info>
        <effects>
            speed_up
        </effects>
        <abbreviated_name>
            Spd.Up
        </abbreviated_name>
    </speed_up>
    <strength_up>
        <info>
            <en> The strength is increased by {val} </en>
            <zh_cn> 力量提升{val}点 </zh_cn>
        </info>
        <effects>
            strength_up
        </effects>
        <abbreviated_name>
            Str.Up
        </abbreviated_name>
    </strength_up>
    <defense_up>
        <info>
            <en> The defense is increased by {val} </en>
            <zh_cn> 防御力提升{val}点 </zh_cn>
        </info>
        <effects>
            defense_up
        </effects>
        <abbreviated_name>
            Def.Up
        </abbreviated_name>
    </defense_up>
    <stun>
       <info>
           <en> Unit can't attack </en>
           <zh_cn> 单位不能攻击 </zh_cn>
       </info>
        <effects>
            no_attack
        </effects>
        <abbreviated_name>
            Stn
        </abbreviated_name>
    </stun>
</alterations>