<?xml version="1.0" encoding="UTF-8"?>
<characters>
    <jist>
        <name> jist </name>
        <class> innkeeper </class>
        <race> human </race>
        <level> 1 </level>
        <strength> 0 </strength>
        <defense> 2 </defense>
        <resistance> 0 </resistance>
        <hp> 10 </hp>
        <sprite> characs/jist.png </sprite>
        <interaction>
            <talk>
                <en> Hurry up ! Leave the village from the west, and enter the necropolis. </en>
                <zh_cn> 快呀！从西面离开村庄，进入墓地。</zh_cn>
            </talk>
            <talk>
                <en> The clock is ticking... The ogre's bones must be returned to their original place. </en>
                <zh_cn> 时钟在滴答作响……食人魔的骨头必须放回原来的地方。 </zh_cn>
            </talk>
        </interaction>
        <gold> 100 </gold>
        <strategy> STATIC </strategy>
        <attack_kind> PHYSICAL </attack_kind>
    </jist>
    <raimund>
        <name> raimund </name>
        <class> warrior </class>
        <race> human </race>
        <level> 1 </level>
        <strength> 5 </strength>
        <defense> 1 </defense>
        <resistance> 0 </resistance>
        <hp> 20 </hp>
        <sprite> dungeon_crawl/player/base/human_male.png </sprite>
        <equipment>
            <head>
                helmet
            </head>
            <right_hand>
                club
            </right_hand>
            <body>
                chainmail
            </body>
            <feet>
                brown_boots
            </feet>
        </equipment>
        <inventory>
                <item>
                    life_potion
                </item>
                <item>
                    key
                </item>
        </inventory>
        <gold> 250 </gold>
    </raimund>
    <braern>
        <name> braern </name>
        <class> ranger </class>
        <race> elf </race>
        <level> 1 </level>
        <strength> 3 </strength>
        <defense> 1 </defense>
        <resistance> 0 </resistance>
        <hp> 15 </hp>
        <sprite> dungeon_crawl/player/base/human_female.png </sprite>
        <equipment>
            <head>
                plumed_helmet
            </head>
            <body>
                leather_armor
            </body>
            <right_hand>
                basic_bow
            </right_hand>
            <feet>
                brown_boots
            </feet>
        </equipment>
        <inventory>
                <item>
                    life_potion
                </item>
        </inventory>
        <gold> 250 </gold>
    </braern>
    <thokdrum>
        <name> thokdrum </name>
        <class> warrior </class>
        <race> dwarf </race>
        <level> 1 </level>
        <strength> 4 </strength>
        <defense> 2 </defense>
        <resistance> 0 </resistance>
        <hp> 20 </hp>
        <sprite> dungeon_crawl/player/base/dwarf_male.png </sprite>
       <equipment>
            <head>
                horned_helmet
            </head>
            <right_hand>
                pickaxe
            </right_hand>
            <body>
                chainmail
            </body>
            <feet>
                brown_boots
            </feet>
        </equipment>
        <inventory>
            <item>
                life_potion
            </item>
            <item>
                vigor_potion
            </item>
        </inventory>
        <gold> 250 </gold>
    </thokdrum>
    <chrisemon>
        <name> chrisemon </name>
        <class> warrior </class>
        <race> centaur </race>
        <level> 3 </level>
        <strength> 5 </strength>
        <defense> 1 </defense>
        <resistance> 0 </resistance>
        <hp> 22 </hp>
        <sprite> dungeon_crawl/player/base/centaur_brown_male.png </sprite>
        <equipment>
            <body>
                barding_magenta
            </body>
            <right_hand>
                short_sword
            </right_hand>
        </equipment>
        <inventory>
            <item>
                life_potion
            </item>
        </inventory>
        <gold> 400 </gold>
    </chrisemon>
    <doran>
        <name> doran </name>
        <class> spy </class>
        <race> gnome </race>
        <strength> 2 </strength>
        <defense> 3 </defense>
        <resistance> 1 </resistance>
        <hp> 14 </hp>
        <level> 3 </level>
        <sprite> dungeon_crawl/player/base/gnome_male.png </sprite>
        <equipment>
            <head>
                black_hood
            </head>
            <body>
                spy_outfit
            </body>
            <right_hand>
                dagger
            </right_hand>
            <feet>
                black_boots
            </feet>
        </equipment>
        <inventory>
                <item>
                    life_potion
                </item>
                <item>
                    door_key
                </item>
        </inventory>
        <gold> 100 </gold>
        <interaction>
            <talk>
                <en> Thank you for rescuing me! </en>
                <zh_cn> 感谢你救了我！ </zh_cn>
            </talk>
            <talk>
                <en> As I promised, I'll help you now! As a spy, I could open locked doors and chests. </en>
                <zh_cn> 正如我保证的那样，我现在讲帮助你！作为一个间谍，我可以打开上锁的门和箱子。 </zh_cn>
            </talk>
            <join_team />
        </interaction>
        <strategy>
            SEMI_ACTIVE
        </strategy>
        <attack_kind>
            PHYSICAL
        </attack_kind>
    </doran>
</characters>