<items>
    <bones>
        <name>
            Bones
        </name>
        <sprite>
            food/bone.png
        </sprite>
        <info>
            <en> The remains of a skeleton... Maybe there is a way to bring it back to life </en>
            <zh_cn> 骷髅残骸……也许有办法让它复活 </zh_cn>
        </info>
        <price>
            200
        </price>
        <category>
            None
        </category>
    </bones>
    <iron_ring>
        <name>
            Iron Ring
        </name>
        <sprite>
            ring/iron.png
        </sprite>
        <info>
            <en> A simple ring, made of iron. Can be enchanted or sold </en>
            <zh_cn> 一个简单的戒指，由铁制成。 可以附魔或出售 </zh_cn>
        </info>
        <price>
            400
        </price>
        <category>
            None
        </category>
    </iron_ring>
    <topaz>
        <name>
            Topaz
        </name>
        <sprite>
            gem_stone/topaz.png
        </sprite>
        <info>
            <en> A somewhat precious stone, could be sold for a good price </en>
            <zh_cn> 有点珍贵的石头，可以卖个好价钱 </zh_cn>
        </info>
        <price>
            2000
        </price>
        <category>
            None
        </category>
    </topaz>
    <consumables>
        <food>
            <monster_meat>
                <name>
                    Monster meat
                </name>
                <sprite>
                    food/chunk.png
                </sprite>
                <info>
                    <en> It smells bad... Can be eaten to recover HP </en>
                    <zh_cn> 味道很臭...可以吃来恢复HP </zh_cn>
                </info>
                <category>
                    consumable
                </category>
                <effect>
                    <type>
                        heal
                    </type>
                    <power>
                        5
                    </power>
                    <duration>
                        0
                    </duration>
                </effect>
                <price>
                    50
                </price>
            </monster_meat>
        </food>
        <potions>
            <life_potion>
                <name>
                    Life Potion
                </name>
                <sprite>
                    potion/ruby_new.png
                </sprite>
                <info>
                    <en> Use it to recover some HP </en>
                    <zh_cn> 用它来恢复一些HP </zh_cn>
                </info>
                <category>
                    potion
                </category>
                <effect>
                    <type>
                        heal
                    </type>
                    <power>
                        10
                    </power>
                    <duration>
                        0
                    </duration>
                </effect>
                <price>
                    150
                </price>
            </life_potion>
            <speed_potion>
                <name>
                    Speed Potion
                </name>
                <sprite>
                    potion/orange_new.png
                </sprite>
                <info>
                    <en> Use it to temporarily boost move speed </en>
                    <zh_cn> 用它来暂时提高移动速度 </zh_cn>
                </info>
                <category>
                    potion
                </category>
                <effect>
                    <type>
                        speed_up
                    </type>
                    <power>
                        2
                    </power>
                    <duration>
                        1
                    </duration>
                </effect>
                <price>
                    500
                </price>
            </speed_potion>
            <rabbit_potion>
                <name>
                    Rabbit Step Potion
                </name>
                <sprite>
                    potion/white_new.png
                </sprite>
                <info>
                    <en> Use it to temporarily boost move speed, but be stun too </en>
                    <zh_cn> 使用它可以暂时提高移动速度，但也会被击晕 </zh_cn>
                </info>
                <category>
                    potion
                </category>
                <effects>
                    <effect>
                        <type>
                            stun
                        </type>
                        <duration>
                            2
                        </duration>
                    </effect>
                    <effect>
                        <type>
                            speed_up
                        </type>
                        <power>
                            3
                        </power>
                        <duration>
                            2
                        </duration>
                    </effect>
                </effects>
                <price>
                    400
                </price>
            </rabbit_potion>
            <strength_potion>
                <name>
                    Strength Potion
                </name>
                <sprite>
                    potion/yellow_new.png
                </sprite>
                <info>
                    <en> Use it to temporarily boost strength </en>
                    <zh_cn> 用它来暂时增强力量 </zh_cn>
                </info>
                <category>
                    potion
                </category>
                <effect>
                    <type>
                        strength_up
                    </type>
                    <power>
                        2
                    </power>
                    <duration>
                        2
                    </duration>
                </effect>
                <price>
                    300
                </price>
            </strength_potion>
            <vigor_potion>
                <name>
                    Vigor Potion
                </name>
                <sprite>
                    potion/bubbly.png
                </sprite>
                <info>
                    <en> Use it to temporarily boost defense and strength </en>
                    <zh_cn> 用它来暂时提升防御力和力量 </zh_cn>
                </info>
                <category>
                    potion
                </category>
                <effects>
                    <effect>
                        <type>
                            defense_up
                        </type>
                        <power>
                            2
                        </power>
                        <duration>
                            2
                        </duration>
                    </effect>
                    <effect>
                        <type>
                            strength_up
                        </type>
                        <power>
                            1
                        </power>
                        <duration>
                            2
                        </duration>
                    </effect>
                </effects>
                <price>
                    450
                </price>
            </vigor_potion>
        </potions>
        <scrolls>
            <scroll_of_knowledge>
                <name>
                    Scroll of Knowledge
                </name>
                <sprite>
                    scroll/scroll-blue.png
                </sprite>
                <info>
                    <en> This scroll can gives some XP to the reader </en>
                    <zh_cn> 这个卷轴可以给读者一些经验 </zh_cn>
                </info>
                <category>
                    consumable
                </category>
                <effects>
                    <effect>
                        <type>
                            xp_up
                        </type>
                        <power>
                            10
                        </power>
                    </effect>
                </effects>
                <price>
                    400
                </price>
            </scroll_of_knowledge>
            <scroll_of_cerberus>
                <name>
                    Scroll of Cerberus
                </name>
                <sprite>
                    scroll/scroll-red.png
                </sprite>
                <info>
                    <en> This scroll contains the secret of Cerberus' strength </en>
                    <zh_cn> 这卷轴包含了塞伯鲁斯力量的秘密 </zh_cn>
                </info>
                <category>
                    consumable
                </category>
                <effects>
                    <effect>
                        <type>
                            strength_lvl_up
                        </type>
                        <power>
                            2
                        </power>
                    </effect>
                </effects>
                <price>
                    1500
                </price>
            </scroll_of_cerberus>
        </scrolls>
        <key>
            <name>
                Chest Key
            </name>
            <sprite>
                misc/key.png
            </sprite>
            <info>
                <en> Could be used to open some chest </en>
                <zh_cn> 可以用来打开一些箱子 </zh_cn>
            </info>
            <open_chest/>
            <category>
                key
            </category>
            <price>
                400
            </price>
        </key>
        <door_key>
            <name>
                Door Key
            </name>
            <sprite>
                misc/key.png
            </sprite>
            <info>
                <en> Could be used to open some door. </en>
                <zh_cn> 可以用来打开一些门。 </zh_cn>
            </info>
            <open_door/>
            <category>
                key
            </category>
            <price>
                600
            </price>
        </door_key>
    </consumables>
    <books>
        <green_book>
            <name>
                Green Book
            </name>
            <sprite>
                book/dark_green_new.png
            </sprite>
            <info>
                <en> A beautiful and polished green book... </en>
                <zh_cn> 一本美丽而精致的绿书...... </zh_cn>
            </info>
            <category>
                spellbook
            </category>
            <effect>
                poison_trap
            </effect>
            <price>
                500
            </price>
        </green_book>
    </books>
    <equipments>
        <weapons>
            <pocket_knife>
                <name>
                    Pocket Knife
                </name>
                <sprite>
                    weapon/knife.png
                </sprite>
                <info>
                    <en> A very fast blade, with discretion guaranteed </en>
                    <zh_cn> 非常快的刀片，保证谨慎 </zh_cn>
                </info>
                <category>
                    weapon
                </category>
                <power>
                    1
                </power>
                <kind>
                    PHYSICAL
                </kind>
                <range>
                    1
                </range>
                <fragility>
                    30
                </fragility>
                <weight>
                    1
                </weight>
                <equipped_sprite>
                    knife.png
                </equipped_sprite>
                <price>
                    200
                </price>
            </pocket_knife>
            <dagger>
                <name>
                    Dagger
                </name>
                <sprite>
                    weapon/dagger_new.png
                </sprite>
                <info>
                    <en> A simple dagger. A small blade, but it's sharp </en>
                    <zh_cn> 一把简单的匕首。 刀虽小，但很锋利 </zh_cn>
                </info>
                <category>
                    weapon
                </category>
                <power>
                    1
                </power>
                <kind>
                    PHYSICAL
                </kind>
                <range>
                    1
                </range>
                <fragility>
                    40
                </fragility>
                <weight>
                    1
                </weight>
                <equipped_sprite>
                    dagger_slant_2.png
                </equipped_sprite>
                <price>
                    300
                </price>
            </dagger>
            <club>
                <name>
                    Club
                </name>
                <sprite>
                    weapon/club_new.png
                </sprite>
                <info>
                    <en> Not a real weapon, but you could hurt someone with. Very frail </en>
                    <zh_cn> 不是真正的武器，但你可以用它伤害别人。 非常弱 </zh_cn>
                </info>
                <category>
                    weapon
                </category>
                <power>
                    1
                </power>
                <kind>
                    PHYSICAL
                </kind>
                <range>
                    1
                </range>
                <fragility>
                    20
                </fragility>
                <weight>
                    2
                </weight>
                <equipped_sprite>
                    club_slant.png
                </equipped_sprite>
                <price>
                    300
                </price>
                <restrictions>
                    <classes>
                        warrior
                    </classes>
                </restrictions>
            </club>
            <short_sword>
                <name>
                    Short Sword
                </name>
                <sprite>
                    weapon/short_sword_2_old.png
                </sprite>
                <info>
                    <en> A basic little sword, but one that can already prove very useful </en>
                    <zh_cn> 一把基本的小剑，但已经证明非常有用 </zh_cn>
                </info>
                <category>
                    weapon
                </category>
                <power>
                    4
                </power>
                <kind>
                    PHYSICAL
                </kind>
                <range>
                    1
                </range>
                <fragility>
                    40
                </fragility>
                <weight>
                    2
                </weight>
                <equipped_sprite>
                    short_sword.png
                </equipped_sprite>
                <price>
                    500
                </price>
                <restrictions>
                    <classes>
                        warrior
                    </classes>
                </restrictions>
            </short_sword>
            <basic_spear>
                <name>
                    Wooden Spear
                </name>
                <sprite>
                    weapon/spear.png
                </sprite>
                <info>
                    <en> A spear can be really useful to charge the opponent </en>
                    <zh_cn> 长矛对于冲锋对手来说非常有用 </zh_cn>
                </info>
                <category>
                    weapon
                </category>
                <power>
                    3
                </power>
                <kind>
                    PHYSICAL
                </kind>
                <range>
                    1
                </range>
                <fragility>
                    30
                </fragility>
                <weight>
                    5
                </weight>
                <equipped_sprite>
                    spear_4.png
                </equipped_sprite>
                <price>
                    500
                </price>
                <restrictions>
                    <classes>
                        warrior
                    </classes>
                </restrictions>
                <charge>
                    <move_required>
                        5
                    </move_required>
                    <bonus_granted>
                        3
                    </bonus_granted>
                </charge>
            </basic_spear>
            <basic_halberd>
                <name>
                    Halberd
                </name>
                <sprite>
                    weapon/halberd_2.png
                </sprite>
                <info>
                    <en> An halberd can helps to get rid of cavalry </en>
                    <zh_cn> 戟可以帮助摆脱骑兵 </zh_cn>
                </info>
                <category>
                    weapon
                </category>
                <power>
                    3
                </power>
                <kind>
                    PHYSICAL
                </kind>
                <range>
                    1
                </range>
                <fragility>
                    15
                </fragility>
                <weight>
                    4
                </weight>
                <equipped_sprite>
                    halberd_new.png
                </equipped_sprite>
                <price>
                    600
                </price>
                <restrictions>
                    <classes>
                        warrior
                    </classes>
                </restrictions>
                <strong_against>
                    <keywords>
                        cavalry
                    </keywords>
                </strong_against>
            </basic_halberd>
            <pickaxe>
                <name>
                    Pickaxe
                </name>
                <sprite>
                    weapon/pickaxe.png
                </sprite>
                <info>
                    <en> This doesn't look like a weapon, but still, well handled it could stun someone </en>
                    <zh_cn> 这看起来不像武器，但如果处理得当，它可以击晕某人 </zh_cn>
                </info>
                <category>
                    weapon
                </category>
                <power>
                    1
                </power>
                <kind>
                    PHYSICAL
                </kind>
                <range>
                    1
                </range>
                <fragility>
                    30
                </fragility>
                <weight>
                    3
                </weight>
                <equipped_sprite>
                    pick_axe.png
                </equipped_sprite>
                <price>
                    300
                </price>
                <restrictions>
                    <classes>
                        warrior
                    </classes>
                </restrictions>
                <effects>
                    <effect>
                        <name>
                            stun
                        </name>
                        <duration>
                            1
                        </duration>
                        <probability>
                            0.2
                        </probability>
                    </effect>
                </effects>
            </pickaxe>
            <basic_bow>
                <name>
                    Wooden Bow
                </name>
                <sprite>
                    weapon/ranged/bow_1.png
                </sprite>
                <info>
                    <en> A simple wooden bow, effective at a short distance </en>
                    <zh_cn> 简单的木弓，短距离有效 </zh_cn>
                </info>
                <category>
                    weapon
                </category>
                <power>
                    1
                </power>
                <kind>
                    PHYSICAL
                </kind>
                <range>
                    2
                </range>
                <fragility>
                    35
                </fragility>
                <weight>
                    2
                </weight>
                <equipped_sprite>
                    bow_2.png
                </equipped_sprite>
                <price>
                    350
                </price>
                <restrictions>
                    <classes>
                        ranger
                    </classes>
                </restrictions>
            </basic_bow>
            <wooden_staff>
                <name>
                    Wooden Staff
                </name>
                <sprite>
                    staff/staff_2.png
                </sprite>
                <info>
                    <en> A frail staff, usable to make a range attack with weak spells </en>
                    <zh_cn> 脆弱的法杖，可用于以弱法术进行范围攻击 </zh_cn>
                </info>
                <category>
                    weapon
                </category>
                <power>
                    2
                </power>
                <kind>
                    SPIRITUAL
                </kind>
                <range>
                    1,2
                </range>
                <fragility>
                    30
                </fragility>
                <weight>
                    2
                </weight>
                <equipped_sprite>
                    staff_mage_2.png
                </equipped_sprite>
                <price>
                    400
                </price>
                <restrictions>
                    <classes>
                        mage
                    </classes>
                </restrictions>
            </wooden_staff>
            <necromancer_staff>
                <name>
                    Necromancer Staff
                </name>
                <sprite>
                    weapon/artefact/spwpn_sceptre_of_torment.png
                </sprite>
                <info>
                    <en> A really dark staff, aimed to the occultists </en>
                    <zh_cn> 一支非常黑暗的法杖，针对的是神秘主义者 </zh_cn>
                </info>
                <category>
                    weapon
                </category>
                <power>
                    6
                </power>
                <kind>
                    SPIRITUAL
                </kind>
                <range>
                    1,2
                </range>
                <fragility>
                    30
                </fragility>
                <weight>
                    5
                </weight>
                <equipped_sprite>
                    staff_skull.png
                </equipped_sprite>
                <price>
                    400
                </price>
                <restrictions>
                    <classes>
                        mage
                    </classes>
                </restrictions>
            </necromancer_staff>
        </weapons>
        <plumed_helmet>
            <name>
                Plumed Helmet
            </name>
            <sprite>
                armor/headgear/plumed_helmet.png
            </sprite>
            <info>
                <en> A helmet, with a nice plume </en>
                <zh_cn> 头盔，有漂亮的羽毛 </zh_cn>
            </info>
            <category>
                armor
            </category>
            <bodypart>
                head
            </bodypart>
            <def>
                1
            </def>
            <weight>
                2
            </weight>
            <equipped_sprite>
                head/helm_plume.png
            </equipped_sprite>
            <price>
                250
            </price>
        </plumed_helmet>
        <black_hood>
            <name>
                Black hood
            </name>
            <sprite>
                armor/headgear/black_hood.png
            </sprite>
            <info>
                <en> A discret hood, to watch but not to be watched </en>
                <zh_cn> 一种离散的商品，可以观看但不可以被观看 </zh_cn>
            </info>
            <category>
                armor
            </category>
            <bodypart>
                head
            </bodypart>
            <def>
                1
            </def>
            <weight>
                1
            </weight>
            <equipped_sprite>
                head/cap_black_1.png
            </equipped_sprite>
            <price>
                200
            </price>
            <restrictions>
                <classes>
                    spy
                </classes>
            </restrictions>
        </black_hood>
        <helmet>
            <name>
                Helmet
            </name>
            <sprite>
                armor/headgear/helmet_1.png
            </sprite>
            <info>
                <en> A very basic helmet </en>
                <zh_cn> 一个非常基本的头盔 </zh_cn>
            </info>
            <category>
                armor
            </category>
            <bodypart>
                head
            </bodypart>
            <def>
                1
            </def>
            <weight>
                2
            </weight>
            <equipped_sprite>
                head/iron_2.png
            </equipped_sprite>
            <price>
                250
            </price>
        </helmet>
        <horned_helmet>
            <name>
                Horned Helmet
            </name>
            <sprite>
                armor/headgear/helmet_4.png
            </sprite>
            <info>
                <en> A basic helmet, but with impressive horns </en>
                <zh_cn> 一个基本的头盔，但有令人印象深刻的角 </zh_cn>
            </info>
            <category>
                armor
            </category>
            <bodypart>
                head
            </bodypart>
            <def>
                1
            </def>
            <weight>
                2
            </weight>
            <equipped_sprite>
                head/horn_gray.png
            </equipped_sprite>
            <price>
                250
            </price>
        </horned_helmet>
        <gold_helmet>
            <name>
                Gold Helmet
            </name>
            <sprite>
                armor/headgear/helmet_3_old.png
            </sprite>
            <info>
                <en> A full gold helmet... Seems really nice </en>
                <zh_cn> 24K纯金头盔……看起来真不错 </zh_cn>
            </info>
            <category>
                armor
            </category>
            <bodypart>
                head
            </bodypart>
            <def>
                2
            </def>
            <weight>
                4
            </weight>
            <equipped_sprite>
                head/full_gold.png
            </equipped_sprite>
        </gold_helmet>
        <chainmail>
            <name>
                Chainmail
            </name>
            <sprite>
                armor/torso/chain_mail_3.png
            </sprite>
            <info>
                <en> A basic chainmail... Useful to have a good defense and keep an average speed </en>
                <zh_cn> 基本的链甲...有助于良好的防御并保持平均速度 </zh_cn>
            </info>
            <category>
                armor
            </category>
            <bodypart>
                body
            </bodypart>
            <def>
                2
            </def>
            <weight>
                4
            </weight>
            <equipped_sprite>
                body/chainmail_3.png
            </equipped_sprite>
            <price>
                500
            </price>
            <restrictions>
                <classes>
                    warrior
                </classes>
            </restrictions>
        </chainmail>
        <leather_armor>
            <name>
                Leather Armor
            </name>
            <sprite>
                armor/torso/leather_armor_2.png
            </sprite>
            <info>
                <en> A basic light armor, useful for beginning an adventure ! </en>
                <zh_cn> 基本的轻甲，对于开始冒险很有用！ </zh_cn>
            </info>
            <category>
                armor
            </category>
            <bodypart>
                body
            </bodypart>
            <def>
                1
            </def>
            <weight>
                2
            </weight>
            <equipped_sprites>
                <sprite>body/leather_armor_3.png</sprite>
                <sprite>legs/pants_short_brown.png</sprite>
            </equipped_sprites>
            <price>
                350
            </price>
            <restrictions>
                <classes>
                    warrior,ranger
                </classes>
            </restrictions>
        </leather_armor>
        <scale_mail>
            <name>
                Scale mail
            </name>
            <sprite>
                armor/torso/scale_mail_1_new.png
            </sprite>
            <info>
                <en> A veritable scale mail. Particularly useful for avoiding arrows </en>
                <zh_cn> 名副其实的规模邮件。 对于躲避箭头特别有用 </zh_cn>
            </info>
            <category>
                armor
            </category>
            <bodypart>
                body
            </bodypart>
            <def>
                3
            </def>
            <weight>
                4
            </weight>
            <equipped_sprite>
                body/scalemail.png
            </equipped_sprite>
            <price>
                750
            </price>
            <restrictions>
                <classes>
                    warrior, ranger
                </classes>
            </restrictions>
        </scale_mail>
        <gold_armor>
            <name>
                Gold Armor
            </name>
            <sprite>
                armor/torso/gold_dragon_armor_new.png
            </sprite>
            <info>
                <en> An armor inspired from a gold dragon </en>
                <zh_cn> 灵感来自金龙的盔甲 </zh_cn>
            </info>
            <category>
                armor
            </category>
            <bodypart>
                body
            </bodypart>
            <def>
                5
            </def>
            <weight>
                6
            </weight>
            <equipped_sprite>
                body/armor_mummy.png
            </equipped_sprite>
            <price>
                3000
            </price>
            <restrictions>
                <classes>
                    warrior
                </classes>
            </restrictions>
        </gold_armor>
        <spy_outfit>
            <name>
                Spy outfit
            </name>
            <sprite>
                armor/artefact/urand_thief.png
            </sprite>
            <info>
                <en> A very black outfit for someone who needs some discretion </en>
                <zh_cn> 非常黑色的服装，适合需要谨慎行事的人 </zh_cn>
            </info>
            <category>
                armor
            </category>
            <bodypart>
                body
            </bodypart>
            <def>
                1
            </def>
            <weight>
                1
            </weight>
            <equipped_sprite>
                body/outfits/spy_outfit.png
            </equipped_sprite>
            <price>
                800
            </price>
            <restrictions>
                <classes>
                    spy
                </classes>
            </restrictions>
        </spy_outfit>
        <barding_magenta>
            <name>
                Barding Magenta
            </name>
            <sprite>
                armor/bardings/centaur_barding_magenta.png
            </sprite>
            <info>
                <en> Armor reserved to centaur. Not really efficient, but very elegant </en>
                <zh_cn> 半人马专用的盔甲。 效率不高，但非常优雅 </zh_cn>
            </info>
            <category>
                armor
            </category>
            <bodypart>
                body
            </bodypart>
            <def>
                2
            </def>
            <weight>
                3
            </weight>
            <equipped_sprite>
                barding/centaur_barding_magenta.png
            </equipped_sprite>
            <restrictions>
                <races>
                    centaur
                </races>
            </restrictions>
        </barding_magenta>
        <brown_boots>
            <name>
                Brown Boots
            </name>
            <sprite>
                armor/feet/boots_1_brown_new.png
            </sprite>
            <info>
                <en> Brown boots, most basic boots you can find </en>
                <zh_cn> 棕色靴子，你能找到的最基本的靴子 </zh_cn>
            </info>
            <category>
                armor
            </category>
            <bodypart>
                feet
            </bodypart>
            <def>
                1
            </def>
            <weight>
                1
            </weight>
            <equipped_sprite>
                boots/short_brown_2.png
            </equipped_sprite>
            <price>
                250
            </price>
        </brown_boots>
        <black_boots>
            <name>
                Black Boots
            </name>
            <sprite>
                armor/feet/dark_boots.png
            </sprite>
            <info>
                <en> Black boots, fashion ones </en>
                <zh_cn> 时髦的黑靴子 </zh_cn>
            </info>
            <category>
                armor
            </category>
            <bodypart>
                feet
            </bodypart>
            <def>
                1
            </def>
            <weight>
                1
            </weight>
            <equipped_sprite>
                boots/middle_gray.png
            </equipped_sprite>
            <price>
                250
            </price>
        </black_boots>
        <gold_boots>
            <name>
                Gold Boots
            </name>
            <sprite>
                armor/feet/boots_iron_2.png
            </sprite>
            <info>
                <en> Beautiful boots with golden style </en>
                <zh_cn> 金色风格的漂亮靴子 </zh_cn>
            </info>
            <category>
                armor
            </category>
            <bodypart>
                feet
            </bodypart>
            <def>
                2
            </def>
            <weight>
                4
            </weight>
            <equipped_sprite>
                boots/middle_gold.png
            </equipped_sprite>
        </gold_boots>
        <wooden_shield>
            <name>
                Wooden Shield
            </name>
            <sprite>
                armor/shields/buckler_1_new.png
            </sprite>
            <info>
                <en> A small light shield that could help dodging attacks </en>
                <zh_cn> 可以帮助躲避攻击的小型光盾 </zh_cn>
            </info>
            <category>
                shield
            </category>
            <parry_rate>
                0.15
            </parry_rate>
            <fragility>
                10
            </fragility>
            <weight>
                2
            </weight>
            <equipped_sprite>
                buckler_round_3.png
            </equipped_sprite>
            <price>
                400
            </price>
        </wooden_shield>
    </equipments>
</items>